task_id,occupation,task_text,ability_name,weight,uncertain
14078,Shoe and Leather Workers and Repairers,"Read prescriptions or specifications, and take measurements to establish the type of product to be made, using calipers, tape measures, or rules.",Written Comprehension,2,0
14078,Shoe and Leather Workers and Repairers,"Read prescriptions or specifications, and take measurements to establish the type of product to be made, using calipers, tape measures, or rules.",Near Vision,3,0
14078,Shoe and Leather Workers and Repairers,"Read prescriptions or specifications, and take measurements to establish the type of product to be made, using calipers, tape measures, or rules.",Number Facility,2,0
14078,Shoe and Leather Workers and Repairers,"Read prescriptions or specifications, and take measurements to establish the type of product to be made, using calipers, tape measures, or rules.",Information Ordering,2,0
14078,Shoe and Leather Workers and Repairers,"Read prescriptions or specifications, and take measurements to establish the type of product to be made, using calipers, tape measures, or rules.",Finger Dexterity,1,0
14081,Shoe and Leather Workers and Repairers,Attach accessories or ornamentation to decorate or protect products.,Finger Dexterity,3,0
14081,Shoe and Leather Workers and Repairers,Attach accessories or ornamentation to decorate or protect products.,Manual Dexterity,3,0
14081,Shoe and Leather Workers and Repairers,Attach accessories or ornamentation to decorate or protect products.,Arm-Hand Steadiness,2,0
14081,Shoe and Leather Workers and Repairers,Attach accessories or ornamentation to decorate or protect products.,Near Vision,2,0
14081,Shoe and Leather Workers and Repairers,Attach accessories or ornamentation to decorate or protect products.,Control Precision,2,0
14073,Shoe and Leather Workers and Repairers,"Make, modify, and repair orthopedic or therapeutic footwear according to doctors' prescriptions, or modify existing footwear for people with foot problems and special needs.",Written Comprehension,2,0
14073,Shoe and Leather Workers and Repairers,"Make, modify, and repair orthopedic or therapeutic footwear according to doctors' prescriptions, or modify existing footwear for people with foot problems and special needs.",Finger Dexterity,3,0
14073,Shoe and Leather Workers and Repairers,"Make, modify, and repair orthopedic or therapeutic footwear according to doctors' prescriptions, or modify existing footwear for people with foot problems and special needs.",Manual Dexterity,3,0
14073,Shoe and Leather Workers and Repairers,"Make, modify, and repair orthopedic or therapeutic footwear according to doctors' prescriptions, or modify existing footwear for people with foot problems and special needs.",Near Vision,2,0
14073,Shoe and Leather Workers and Repairers,"Make, modify, and repair orthopedic or therapeutic footwear according to doctors' prescriptions, or modify existing footwear for people with foot problems and special needs.",Deductive Reasoning,2,0
14073,Shoe and Leather Workers and Repairers,"Make, modify, and repair orthopedic or therapeutic footwear according to doctors' prescriptions, or modify existing footwear for people with foot problems and special needs.",Control Precision,2,0
14066,Shoe and Leather Workers and Repairers,"Select materials and patterns, and trace patterns onto materials to be cut out.",Near Vision,3,0
14066,Shoe and Leather Workers and Repairers,"Select materials and patterns, and trace patterns onto materials to be cut out.",Visualization,2,0
14066,Shoe and Leather Workers and Repairers,"Select materials and patterns, and trace patterns onto materials to be cut out.",Finger Dexterity,2,0
14066,Shoe and Leather Workers and Repairers,"Select materials and patterns, and trace patterns onto materials to be cut out.",Manual Dexterity,2,0
14066,Shoe and Leather Workers and Repairers,"Select materials and patterns, and trace patterns onto materials to be cut out.",Selective Attention,1,0
24000,Shoe Machine Operators and Tenders,Inspect finished products to ensure that shoes have been completed according to specifications.,Near Vision,3,0
24000,Shoe Machine Operators and Tenders,Inspect finished products to ensure that shoes have been completed according to specifications.,Selective Attention,2,0
24000,Shoe Machine Operators and Tenders,Inspect finished products to ensure that shoes have been completed according to specifications.,Flexibility of Closure,2,0
24000,Shoe Machine Operators and Tenders,Inspect finished products to ensure that shoes have been completed according to specifications.,Visual Color Discrimination,1,0
14094,Shoe Machine Operators and Tenders,"Align parts to be stitched, following seams, edges, or markings, before positioning them under needles.",Near Vision,3,0
14094,Shoe Machine Operators and Tenders,"Align parts to be stitched, following seams, edges, or markings, before positioning them under needles.",Finger Dexterity,2,0
14094,Shoe Machine Operators and Tenders,"Align parts to be stitched, following seams, edges, or markings, before positioning them under needles.",Manual Dexterity,2,0
14094,Shoe Machine Operators and Tenders,"Align parts to be stitched, following seams, edges, or markings, before positioning them under needles.",Arm-Hand Steadiness,2,0
14094,Shoe Machine Operators and Tenders,"Align parts to be stitched, following seams, edges, or markings, before positioning them under needles.",Control Precision,2,0
14100,Shoe Machine Operators and Tenders,"Operate or tend machines to join, decorate, reinforce, or finish shoes and shoe parts.",Control Precision,3,0
14100,Shoe Machine Operators and Tenders,"Operate or tend machines to join, decorate, reinforce, or finish shoes and shoe parts.",Multilimb Coordination,2,0
14100,Shoe Machine Operators and Tenders,"Operate or tend machines to join, decorate, reinforce, or finish shoes and shoe parts.",Near Vision,2,0
14100,Shoe Machine Operators and Tenders,"Operate or tend machines to join, decorate, reinforce, or finish shoes and shoe parts.",Manual Dexterity,2,0
14100,Shoe Machine Operators and Tenders,"Operate or tend machines to join, decorate, reinforce, or finish shoes and shoe parts.",Rate Control,1,0
14090,Shoe Machine Operators and Tenders,"Remove and examine shoes, shoe parts, and designs to verify conformance to specifications such as proper embedding of stitches in channels.",Near Vision,3,0
14090,Shoe Machine Operators and Tenders,"Remove and examine shoes, shoe parts, and designs to verify conformance to specifications such as proper embedding of stitches in channels.",Selective Attention,2,0
14090,Shoe Machine Operators and Tenders,"Remove and examine shoes, shoe parts, and designs to verify conformance to specifications such as proper embedding of stitches in channels.",Flexibility of Closure,2,0
14090,Shoe Machine Operators and Tenders,"Remove and examine shoes, shoe parts, and designs to verify conformance to specifications such as proper embedding of stitches in channels.",Manual Dexterity,1,0
14096,Shoe Machine Operators and Tenders,"Switch on machines, lower pressure feet or rollers to secure parts, and start machine stitching, using hand, foot, or knee controls.",Multilimb Coordination,3,0
14096,Shoe Machine Operators and Tenders,"Switch on machines, lower pressure feet or rollers to secure parts, and start machine stitching, using hand, foot, or knee controls.",Control Precision,2,0
14096,Shoe Machine Operators and Tenders,"Switch on machines, lower pressure feet or rollers to secure parts, and start machine stitching, using hand, foot, or knee controls.",Rate Control,2,0
14096,Shoe Machine Operators and Tenders,"Switch on machines, lower pressure feet or rollers to secure parts, and start machine stitching, using hand, foot, or knee controls.",Near Vision,2,0
14096,Shoe Machine Operators and Tenders,"Switch on machines, lower pressure feet or rollers to secure parts, and start machine stitching, using hand, foot, or knee controls.",Reaction Time,1,0
14101,Shoe Machine Operators and Tenders,"Draw thread through machine guide slots, needles, and presser feet in preparation for stitching, or load rolls of wire through machine axles.",Finger Dexterity,3,0
14101,Shoe Machine Operators and Tenders,"Draw thread through machine guide slots, needles, and presser feet in preparation for stitching, or load rolls of wire through machine axles.",Manual Dexterity,2,0
14101,Shoe Machine Operators and Tenders,"Draw thread through machine guide slots, needles, and presser feet in preparation for stitching, or load rolls of wire through machine axles.",Arm-Hand Steadiness,2,0
14101,Shoe Machine Operators and Tenders,"Draw thread through machine guide slots, needles, and presser feet in preparation for stitching, or load rolls of wire through machine axles.",Near Vision,2,0
14089,Shoe Machine Operators and Tenders,"Study work orders or shoe part tags to obtain information about workloads, specifications, and the types of materials to be used.",Written Comprehension,3,0
14089,Shoe Machine Operators and Tenders,"Study work orders or shoe part tags to obtain information about workloads, specifications, and the types of materials to be used.",Near Vision,2,0
14089,Shoe Machine Operators and Tenders,"Study work orders or shoe part tags to obtain information about workloads, specifications, and the types of materials to be used.",Information Ordering,2,0
14091,Shoe Machine Operators and Tenders,Perform routine equipment maintenance such as cleaning and lubricating machines or replacing broken needles.,Manual Dexterity,3,0
14091,Shoe Machine Operators and Tenders,Perform routine equipment maintenance such as cleaning and lubricating machines or replacing broken needles.,Finger Dexterity,2,0
14091,Shoe Machine Operators and Tenders,Perform routine equipment maintenance such as cleaning and lubricating machines or replacing broken needles.,Near Vision,2,0
14091,Shoe Machine Operators and Tenders,Perform routine equipment maintenance such as cleaning and lubricating machines or replacing broken needles.,Static Strength,1,0
14099,Shoe Machine Operators and Tenders,Test machinery to ensure proper functioning before beginning production.,Near Vision,2,0
14099,Shoe Machine Operators and Tenders,Test machinery to ensure proper functioning before beginning production.,Selective Attention,2,0
14099,Shoe Machine Operators and Tenders,Test machinery to ensure proper functioning before beginning production.,Control Precision,2,0
14099,Shoe Machine Operators and Tenders,Test machinery to ensure proper functioning before beginning production.,Auditory Attention,1,0
14105,Shoe Machine Operators and Tenders,"Select and place spools of thread or pre-wound bobbins into shuttles, or onto spindles or loupers of stitching machines.",Finger Dexterity,3,0
14105,Shoe Machine Operators and Tenders,"Select and place spools of thread or pre-wound bobbins into shuttles, or onto spindles or loupers of stitching machines.",Manual Dexterity,2,0
14105,Shoe Machine Operators and Tenders,"Select and place spools of thread or pre-wound bobbins into shuttles, or onto spindles or loupers of stitching machines.",Near Vision,2,0
14105,Shoe Machine Operators and Tenders,"Select and place spools of thread or pre-wound bobbins into shuttles, or onto spindles or loupers of stitching machines.",Arm-Hand Steadiness,1,0
14092,Shoe Machine Operators and Tenders,"Cut excess thread or material from shoe parts, using scissors or knives.",Finger Dexterity,3,0
14092,Shoe Machine Operators and Tenders,"Cut excess thread or material from shoe parts, using scissors or knives.",Manual Dexterity,2,0
14092,Shoe Machine Operators and Tenders,"Cut excess thread or material from shoe parts, using scissors or knives.",Near Vision,2,0
14092,Shoe Machine Operators and Tenders,"Cut excess thread or material from shoe parts, using scissors or knives.",Control Precision,1,0
14107,Shoe Machine Operators and Tenders,Turn knobs to adjust stitch length and thread tension.,Finger Dexterity,3,0
14107,Shoe Machine Operators and Tenders,Turn knobs to adjust stitch length and thread tension.,Control Precision,2,0
14107,Shoe Machine Operators and Tenders,Turn knobs to adjust stitch length and thread tension.,Near Vision,1,0
14102,Shoe Machine Operators and Tenders,Fill shuttle spools with thread from a machine's bobbin winder by pressing a foot treadle.,Finger Dexterity,2,0
14102,Shoe Machine Operators and Tenders,Fill shuttle spools with thread from a machine's bobbin winder by pressing a foot treadle.,Manual Dexterity,2,0
14102,Shoe Machine Operators and Tenders,Fill shuttle spools with thread from a machine's bobbin winder by pressing a foot treadle.,Rate Control,2,0
14102,Shoe Machine Operators and Tenders,Fill shuttle spools with thread from a machine's bobbin winder by pressing a foot treadle.,Near Vision,1,0
14104,Shoe Machine Operators and Tenders,"Staple sides of shoes, pressing a foot treadle to position and hold each shoe under the feeder of the machine.",Manual Dexterity,3,0
14104,Shoe Machine Operators and Tenders,"Staple sides of shoes, pressing a foot treadle to position and hold each shoe under the feeder of the machine.",Multilimb Coordination,2,0
14104,Shoe Machine Operators and Tenders,"Staple sides of shoes, pressing a foot treadle to position and hold each shoe under the feeder of the machine.",Control Precision,2,0
14104,Shoe Machine Operators and Tenders,"Staple sides of shoes, pressing a foot treadle to position and hold each shoe under the feeder of the machine.",Near Vision,2,0
14104,Shoe Machine Operators and Tenders,"Staple sides of shoes, pressing a foot treadle to position and hold each shoe under the feeder of the machine.",Rate Control,1,0
14098,Shoe Machine Operators and Tenders,Position dies on material in a manner that will obtain the maximum number of parts from each portion of material.,Visualization,3,0
14098,Shoe Machine Operators and Tenders,Position dies on material in a manner that will obtain the maximum number of parts from each portion of material.,Spatial Orientation,2,0
14098,Shoe Machine Operators and Tenders,Position dies on material in a manner that will obtain the maximum number of parts from each portion of material.,Near Vision,2,0
14098,Shoe Machine Operators and Tenders,Position dies on material in a manner that will obtain the maximum number of parts from each portion of material.,Manual Dexterity,1,0
14097,Shoe Machine Operators and Tenders,"Collect shoe parts from conveyer belts or racks and place them in machinery such as ovens or on molds for dressing, returning them to conveyers or racks to send them to the next work station.",Manual Dexterity,2,0
14097,Shoe Machine Operators and Tenders,"Collect shoe parts from conveyer belts or racks and place them in machinery such as ovens or on molds for dressing, returning them to conveyers or racks to send them to the next work station.",Near Vision,2,0
14097,Shoe Machine Operators and Tenders,"Collect shoe parts from conveyer belts or racks and place them in machinery such as ovens or on molds for dressing, returning them to conveyers or racks to send them to the next work station.",Multilimb Coordination,1,0
14097,Shoe Machine Operators and Tenders,"Collect shoe parts from conveyer belts or racks and place them in machinery such as ovens or on molds for dressing, returning them to conveyers or racks to send them to the next work station.",Static Strength,1,0
14097,Shoe Machine Operators and Tenders,"Collect shoe parts from conveyer belts or racks and place them in machinery such as ovens or on molds for dressing, returning them to conveyers or racks to send them to the next work station.",Gross Body Coordination,1,0
14095,Shoe Machine Operators and Tenders,"Turn setscrews on needle bars, and position required numbers of needles in stitching machines.",Finger Dexterity,3,0
14095,Shoe Machine Operators and Tenders,"Turn setscrews on needle bars, and position required numbers of needles in stitching machines.",Manual Dexterity,2,0
14095,Shoe Machine Operators and Tenders,"Turn setscrews on needle bars, and position required numbers of needles in stitching machines.",Near Vision,2,0
14095,Shoe Machine Operators and Tenders,"Turn setscrews on needle bars, and position required numbers of needles in stitching machines.",Control Precision,2,0
14093,Shoe Machine Operators and Tenders,Turn screws to regulate size of staples.,Finger Dexterity,3,0
14093,Shoe Machine Operators and Tenders,Turn screws to regulate size of staples.,Control Precision,2,0
14093,Shoe Machine Operators and Tenders,Turn screws to regulate size of staples.,Near Vision,1,0
14106,Shoe Machine Operators and Tenders,Hammer loose staples for proper attachment.,Arm-Hand Steadiness,2,0
14106,Shoe Machine Operators and Tenders,Hammer loose staples for proper attachment.,Control Precision,2,0
14106,Shoe Machine Operators and Tenders,Hammer loose staples for proper attachment.,Manual Dexterity,2,0
14106,Shoe Machine Operators and Tenders,Hammer loose staples for proper attachment.,Near Vision,2,0
14106,Shoe Machine Operators and Tenders,Hammer loose staples for proper attachment.,Static Strength,1,0
14110,"Sewers, Hand","Select thread, twine, cord, or yarn to be used, and thread needles.",Finger Dexterity,3,0
14110,"Sewers, Hand","Select thread, twine, cord, or yarn to be used, and thread needles.",Near Vision,3,0
14110,"Sewers, Hand","Select thread, twine, cord, or yarn to be used, and thread needles.",Manual Dexterity,2,0
14110,"Sewers, Hand","Select thread, twine, cord, or yarn to be used, and thread needles.",Arm-Hand Steadiness,1,0
14114,"Sewers, Hand","Measure and align parts, fasteners, or trimmings, following seams, edges, or markings on parts.",Near Vision,3,0
14114,"Sewers, Hand","Measure and align parts, fasteners, or trimmings, following seams, edges, or markings on parts.",Finger Dexterity,2,0
14114,"Sewers, Hand","Measure and align parts, fasteners, or trimmings, following seams, edges, or markings on parts.",Manual Dexterity,2,0
14114,"Sewers, Hand","Measure and align parts, fasteners, or trimmings, following seams, edges, or markings on parts.",Selective Attention,1,0
14109,"Sewers, Hand","Trim excess threads or edges of parts, using scissors or knives.",Finger Dexterity,3,0
14109,"Sewers, Hand","Trim excess threads or edges of parts, using scissors or knives.",Manual Dexterity,2,0
14109,"Sewers, Hand","Trim excess threads or edges of parts, using scissors or knives.",Near Vision,2,0
14108,"Sewers, Hand","Sew, join, reinforce, or finish parts of articles, such as garments, books, mattresses, toys, and wigs, using needles and thread or other materials.",Finger Dexterity,3,0
14108,"Sewers, Hand","Sew, join, reinforce, or finish parts of articles, such as garments, books, mattresses, toys, and wigs, using needles and thread or other materials.",Manual Dexterity,3,0
14108,"Sewers, Hand","Sew, join, reinforce, or finish parts of articles, such as garments, books, mattresses, toys, and wigs, using needles and thread or other materials.",Arm-Hand Steadiness,2,0
14108,"Sewers, Hand","Sew, join, reinforce, or finish parts of articles, such as garments, books, mattresses, toys, and wigs, using needles and thread or other materials.",Near Vision,2,0
14108,"Sewers, Hand","Sew, join, reinforce, or finish parts of articles, such as garments, books, mattresses, toys, and wigs, using needles and thread or other materials.",Control Precision,2,0
14115,"Sewers, Hand","Use different sewing techniques such as felling, tacking, basting, embroidery, and fagoting.",Finger Dexterity,3,0
14115,"Sewers, Hand","Use different sewing techniques such as felling, tacking, basting, embroidery, and fagoting.",Manual Dexterity,3,0
14115,"Sewers, Hand","Use different sewing techniques such as felling, tacking, basting, embroidery, and fagoting.",Arm-Hand Steadiness,2,0
14115,"Sewers, Hand","Use different sewing techniques such as felling, tacking, basting, embroidery, and fagoting.",Near Vision,2,0
14115,"Sewers, Hand","Use different sewing techniques such as felling, tacking, basting, embroidery, and fagoting.",Control Precision,2,0
24001,"Sewers, Hand","Fit garments on clients, altering as needed.",Near Vision,2,0
24001,"Sewers, Hand","Fit garments on clients, altering as needed.",Visualization,2,0
24001,"Sewers, Hand","Fit garments on clients, altering as needed.",Manual Dexterity,2,0
24001,"Sewers, Hand","Fit garments on clients, altering as needed.",Oral Comprehension,1,0
14113,"Sewers, Hand","Smooth seams with heated irons, flat bones, or rubbing sticks.",Manual Dexterity,2,0
14113,"Sewers, Hand","Smooth seams with heated irons, flat bones, or rubbing sticks.",Arm-Hand Steadiness,2,0
14113,"Sewers, Hand","Smooth seams with heated irons, flat bones, or rubbing sticks.",Near Vision,2,0
14113,"Sewers, Hand","Smooth seams with heated irons, flat bones, or rubbing sticks.",Control Precision,1,0
14111,"Sewers, Hand",Draw and cut patterns according to specifications.,Visualization,3,0
14111,"Sewers, Hand",Draw and cut patterns according to specifications.,Near Vision,2,0
14111,"Sewers, Hand",Draw and cut patterns according to specifications.,Manual Dexterity,2,0
14111,"Sewers, Hand",Draw and cut patterns according to specifications.,Finger Dexterity,2,0
14112,"Sewers, Hand","Fold, twist, stretch, or drape material, and secure articles in preparation for sewing.",Manual Dexterity,2,0
14112,"Sewers, Hand","Fold, twist, stretch, or drape material, and secure articles in preparation for sewing.",Finger Dexterity,2,0
14112,"Sewers, Hand","Fold, twist, stretch, or drape material, and secure articles in preparation for sewing.",Near Vision,1,0
14112,"Sewers, Hand","Fold, twist, stretch, or drape material, and secure articles in preparation for sewing.",Arm-Hand Steadiness,1,0
14116,"Sewers, Hand","Sew buttonholes, or add lace or other trimming.",Finger Dexterity,3,0
14116,"Sewers, Hand","Sew buttonholes, or add lace or other trimming.",Manual Dexterity,2,0
14116,"Sewers, Hand","Sew buttonholes, or add lace or other trimming.",Arm-Hand Steadiness,2,0
14116,"Sewers, Hand","Sew buttonholes, or add lace or other trimming.",Near Vision,2,0
14116,"Sewers, Hand","Sew buttonholes, or add lace or other trimming.",Control Precision,2,0
14118,"Sewers, Hand","Tie, knit, weave or knot ribbon, yarn, or decorative materials.",Finger Dexterity,3,0
14118,"Sewers, Hand","Tie, knit, weave or knot ribbon, yarn, or decorative materials.",Manual Dexterity,2,0
14118,"Sewers, Hand","Tie, knit, weave or knot ribbon, yarn, or decorative materials.",Arm-Hand Steadiness,1,0
14118,"Sewers, Hand","Tie, knit, weave or knot ribbon, yarn, or decorative materials.",Near Vision,1,0
12177,"Tailors, Dressmakers, and Custom Sewers","Measure parts, such as sleeves or pant legs, and mark or pin-fold alteration lines.",Near Vision,3,0
12177,"Tailors, Dressmakers, and Custom Sewers","Measure parts, such as sleeves or pant legs, and mark or pin-fold alteration lines.",Number Facility,1,0
12177,"Tailors, Dressmakers, and Custom Sewers","Measure parts, such as sleeves or pant legs, and mark or pin-fold alteration lines.",Finger Dexterity,1,0
12177,"Tailors, Dressmakers, and Custom Sewers","Measure parts, such as sleeves or pant legs, and mark or pin-fold alteration lines.",Visualization,1,0
12181,"Tailors, Dressmakers, and Custom Sewers","Remove stitches from garments to be altered, using rippers or razor blades.",Finger Dexterity,3,0
12181,"Tailors, Dressmakers, and Custom Sewers","Remove stitches from garments to be altered, using rippers or razor blades.",Manual Dexterity,2,0
12181,"Tailors, Dressmakers, and Custom Sewers","Remove stitches from garments to be altered, using rippers or razor blades.",Near Vision,2,0
12181,"Tailors, Dressmakers, and Custom Sewers","Remove stitches from garments to be altered, using rippers or razor blades.",Control Precision,1,0
12176,"Tailors, Dressmakers, and Custom Sewers","Sew garments, using needles and thread or sewing machines.",Finger Dexterity,3,0
12176,"Tailors, Dressmakers, and Custom Sewers","Sew garments, using needles and thread or sewing machines.",Manual Dexterity,3,0
12176,"Tailors, Dressmakers, and Custom Sewers","Sew garments, using needles and thread or sewing machines.",Arm-Hand Steadiness,2,0
12176,"Tailors, Dressmakers, and Custom Sewers","Sew garments, using needles and thread or sewing machines.",Near Vision,2,0
12176,"Tailors, Dressmakers, and Custom Sewers","Sew garments, using needles and thread or sewing machines.",Control Precision,2,0
12179,"Tailors, Dressmakers, and Custom Sewers",Let out or take in seams in suits and other garments to improve fit.,Finger Dexterity,2,0
12179,"Tailors, Dressmakers, and Custom Sewers",Let out or take in seams in suits and other garments to improve fit.,Manual Dexterity,2,0
12179,"Tailors, Dressmakers, and Custom Sewers",Let out or take in seams in suits and other garments to improve fit.,Near Vision,2,0
12179,"Tailors, Dressmakers, and Custom Sewers",Let out or take in seams in suits and other garments to improve fit.,Visualization,1,0
12190,"Tailors, Dressmakers, and Custom Sewers","Measure customers, using tape measures, and record measurements.",Near Vision,2,0
12190,"Tailors, Dressmakers, and Custom Sewers","Measure customers, using tape measures, and record measurements.",Number Facility,2,0
12190,"Tailors, Dressmakers, and Custom Sewers","Measure customers, using tape measures, and record measurements.",Manual Dexterity,1,0
12175,"Tailors, Dressmakers, and Custom Sewers",Fit and study garments on customers to determine required alterations.,Near Vision,2,0
12175,"Tailors, Dressmakers, and Custom Sewers",Fit and study garments on customers to determine required alterations.,Visualization,2,0
12175,"Tailors, Dressmakers, and Custom Sewers",Fit and study garments on customers to determine required alterations.,Problem Sensitivity,2,0
12175,"Tailors, Dressmakers, and Custom Sewers",Fit and study garments on customers to determine required alterations.,Oral Comprehension,1,0
12187,"Tailors, Dressmakers, and Custom Sewers","Trim excess material, using scissors.",Finger Dexterity,3,0
12187,"Tailors, Dressmakers, and Custom Sewers","Trim excess material, using scissors.",Manual Dexterity,2,0
12187,"Tailors, Dressmakers, and Custom Sewers","Trim excess material, using scissors.",Near Vision,2,0
12180,"Tailors, Dressmakers, and Custom Sewers","Assemble garment parts and join parts with basting stitches, using needles and thread or sewing machines.",Finger Dexterity,3,0
12180,"Tailors, Dressmakers, and Custom Sewers","Assemble garment parts and join parts with basting stitches, using needles and thread or sewing machines.",Manual Dexterity,2,0
12180,"Tailors, Dressmakers, and Custom Sewers","Assemble garment parts and join parts with basting stitches, using needles and thread or sewing machines.",Arm-Hand Steadiness,2,0
12180,"Tailors, Dressmakers, and Custom Sewers","Assemble garment parts and join parts with basting stitches, using needles and thread or sewing machines.",Near Vision,2,0
12180,"Tailors, Dressmakers, and Custom Sewers","Assemble garment parts and join parts with basting stitches, using needles and thread or sewing machines.",Control Precision,1,0
12189,"Tailors, Dressmakers, and Custom Sewers","Make garment style changes, such as tapering pant legs, narrowing lapels, and adding or removing padding.",Visualization,2,0
12189,"Tailors, Dressmakers, and Custom Sewers","Make garment style changes, such as tapering pant legs, narrowing lapels, and adding or removing padding.",Finger Dexterity,2,0
12189,"Tailors, Dressmakers, and Custom Sewers","Make garment style changes, such as tapering pant legs, narrowing lapels, and adding or removing padding.",Manual Dexterity,2,0
12189,"Tailors, Dressmakers, and Custom Sewers","Make garment style changes, such as tapering pant legs, narrowing lapels, and adding or removing padding.",Near Vision,2,0
12185,"Tailors, Dressmakers, and Custom Sewers",Maintain garment drape and proportions as alterations are performed.,Visualization,2,0
12185,"Tailors, Dressmakers, and Custom Sewers",Maintain garment drape and proportions as alterations are performed.,Near Vision,2,0
12185,"Tailors, Dressmakers, and Custom Sewers",Maintain garment drape and proportions as alterations are performed.,Flexibility of Closure,1,0
12178,"Tailors, Dressmakers, and Custom Sewers","Take up or let down hems to shorten or lengthen garment parts, such as sleeves.",Finger Dexterity,2,0
12178,"Tailors, Dressmakers, and Custom Sewers","Take up or let down hems to shorten or lengthen garment parts, such as sleeves.",Manual Dexterity,2,0
12178,"Tailors, Dressmakers, and Custom Sewers","Take up or let down hems to shorten or lengthen garment parts, such as sleeves.",Near Vision,2,0
12192,"Tailors, Dressmakers, and Custom Sewers","Repair or replace defective garment parts, such as pockets, zippers, snaps, buttons, and linings.",Finger Dexterity,3,0
12192,"Tailors, Dressmakers, and Custom Sewers","Repair or replace defective garment parts, such as pockets, zippers, snaps, buttons, and linings.",Manual Dexterity,2,0
12192,"Tailors, Dressmakers, and Custom Sewers","Repair or replace defective garment parts, such as pockets, zippers, snaps, buttons, and linings.",Near Vision,2,0
12192,"Tailors, Dressmakers, and Custom Sewers","Repair or replace defective garment parts, such as pockets, zippers, snaps, buttons, and linings.",Control Precision,1,0
12186,"Tailors, Dressmakers, and Custom Sewers","Press garments, using hand irons or pressing machines.",Manual Dexterity,2,0
12186,"Tailors, Dressmakers, and Custom Sewers","Press garments, using hand irons or pressing machines.",Static Strength,1,0
12186,"Tailors, Dressmakers, and Custom Sewers","Press garments, using hand irons or pressing machines.",Near Vision,1,0
12186,"Tailors, Dressmakers, and Custom Sewers","Press garments, using hand irons or pressing machines.",Arm-Hand Steadiness,1,0
12184,"Tailors, Dressmakers, and Custom Sewers","Fit, alter, repair, and make made-to-measure clothing, according to customers' and clothing manufacturers' specifications and fit, and applying principles of garment design, construction, and styling.",Visualization,3,0
12184,"Tailors, Dressmakers, and Custom Sewers","Fit, alter, repair, and make made-to-measure clothing, according to customers' and clothing manufacturers' specifications and fit, and applying principles of garment design, construction, and styling.",Near Vision,2,0
12184,"Tailors, Dressmakers, and Custom Sewers","Fit, alter, repair, and make made-to-measure clothing, according to customers' and clothing manufacturers' specifications and fit, and applying principles of garment design, construction, and styling.",Finger Dexterity,2,0
12184,"Tailors, Dressmakers, and Custom Sewers","Fit, alter, repair, and make made-to-measure clothing, according to customers' and clothing manufacturers' specifications and fit, and applying principles of garment design, construction, and styling.",Manual Dexterity,2,0
12184,"Tailors, Dressmakers, and Custom Sewers","Fit, alter, repair, and make made-to-measure clothing, according to customers' and clothing manufacturers' specifications and fit, and applying principles of garment design, construction, and styling.",Deductive Reasoning,2,0
12191,"Tailors, Dressmakers, and Custom Sewers","Estimate how much a garment will cost to make, based on factors such as time and material requirements.",Mathematical Reasoning,3,0
12191,"Tailors, Dressmakers, and Custom Sewers","Estimate how much a garment will cost to make, based on factors such as time and material requirements.",Number Facility,2,0
12191,"Tailors, Dressmakers, and Custom Sewers","Estimate how much a garment will cost to make, based on factors such as time and material requirements.",Deductive Reasoning,1,0
12194,"Tailors, Dressmakers, and Custom Sewers","Position patterns of garment parts on fabric, and cut fabric along outlines, using scissors.",Visualization,2,0
12194,"Tailors, Dressmakers, and Custom Sewers","Position patterns of garment parts on fabric, and cut fabric along outlines, using scissors.",Near Vision,3,0
12194,"Tailors, Dressmakers, and Custom Sewers","Position patterns of garment parts on fabric, and cut fabric along outlines, using scissors.",Manual Dexterity,2,0
12194,"Tailors, Dressmakers, and Custom Sewers","Position patterns of garment parts on fabric, and cut fabric along outlines, using scissors.",Finger Dexterity,2,0
12194,"Tailors, Dressmakers, and Custom Sewers","Position patterns of garment parts on fabric, and cut fabric along outlines, using scissors.",Control Precision,1,0
12182,"Tailors, Dressmakers, and Custom Sewers","Record required alterations and instructions on tags, and attach them to garments.",Written Expression,2,0
12182,"Tailors, Dressmakers, and Custom Sewers","Record required alterations and instructions on tags, and attach them to garments.",Near Vision,1,0
12182,"Tailors, Dressmakers, and Custom Sewers","Record required alterations and instructions on tags, and attach them to garments.",Finger Dexterity,1,0
12193,"Tailors, Dressmakers, and Custom Sewers",Confer with customers to determine types of material and garment styles desired.,Oral Comprehension,3,0
12193,"Tailors, Dressmakers, and Custom Sewers",Confer with customers to determine types of material and garment styles desired.,Oral Expression,2,0
12193,"Tailors, Dressmakers, and Custom Sewers",Confer with customers to determine types of material and garment styles desired.,Speech Recognition,1,0
12183,"Tailors, Dressmakers, and Custom Sewers",Examine tags on garments to determine alterations that are needed.,Near Vision,2,0
12183,"Tailors, Dressmakers, and Custom Sewers",Examine tags on garments to determine alterations that are needed.,Written Comprehension,2,0
12183,"Tailors, Dressmakers, and Custom Sewers",Examine tags on garments to determine alterations that are needed.,Selective Attention,1,0
12188,"Tailors, Dressmakers, and Custom Sewers","Develop, copy, or adapt designs for garments, and design patterns to fit measurements, applying knowledge of garment design, construction, styling, and fabric.",Visualization,3,0
12188,"Tailors, Dressmakers, and Custom Sewers","Develop, copy, or adapt designs for garments, and design patterns to fit measurements, applying knowledge of garment design, construction, styling, and fabric.",Originality,2,0
12188,"Tailors, Dressmakers, and Custom Sewers","Develop, copy, or adapt designs for garments, and design patterns to fit measurements, applying knowledge of garment design, construction, styling, and fabric.",Mathematical Reasoning,1,0
12188,"Tailors, Dressmakers, and Custom Sewers","Develop, copy, or adapt designs for garments, and design patterns to fit measurements, applying knowledge of garment design, construction, styling, and fabric.",Near Vision,1,0
12196,"Tailors, Dressmakers, and Custom Sewers",Put in padding and shaping materials.,Manual Dexterity,2,0
12196,"Tailors, Dressmakers, and Custom Sewers",Put in padding and shaping materials.,Finger Dexterity,2,0
12196,"Tailors, Dressmakers, and Custom Sewers",Put in padding and shaping materials.,Near Vision,1,0
12195,"Tailors, Dressmakers, and Custom Sewers",Sew buttonholes and attach buttons to finish garments.,Finger Dexterity,3,0
12195,"Tailors, Dressmakers, and Custom Sewers",Sew buttonholes and attach buttons to finish garments.,Manual Dexterity,2,0
12195,"Tailors, Dressmakers, and Custom Sewers",Sew buttonholes and attach buttons to finish garments.,Arm-Hand Steadiness,2,0
12195,"Tailors, Dressmakers, and Custom Sewers",Sew buttonholes and attach buttons to finish garments.,Near Vision,2,0
12195,"Tailors, Dressmakers, and Custom Sewers",Sew buttonholes and attach buttons to finish garments.,Control Precision,2,0
23982,Textile Bleaching and Dyeing Machine Operators and Tenders,"Weigh ingredients, such as dye, to be mixed together for use in textile processing.",Number Facility,3,0
23982,Textile Bleaching and Dyeing Machine Operators and Tenders,"Weigh ingredients, such as dye, to be mixed together for use in textile processing.",Near Vision,2,0
23982,Textile Bleaching and Dyeing Machine Operators and Tenders,"Weigh ingredients, such as dye, to be mixed together for use in textile processing.",Manual Dexterity,1,0
14127,Textile Bleaching and Dyeing Machine Operators and Tenders,"Start and control machines and equipment to wash, bleach, dye, or otherwise process and finish fabric, yarn, thread, or other textile goods.",Control Precision,3,0
14127,Textile Bleaching and Dyeing Machine Operators and Tenders,"Start and control machines and equipment to wash, bleach, dye, or otherwise process and finish fabric, yarn, thread, or other textile goods.",Near Vision,2,0
14127,Textile Bleaching and Dyeing Machine Operators and Tenders,"Start and control machines and equipment to wash, bleach, dye, or otherwise process and finish fabric, yarn, thread, or other textile goods.",Selective Attention,2,0
14127,Textile Bleaching and Dyeing Machine Operators and Tenders,"Start and control machines and equipment to wash, bleach, dye, or otherwise process and finish fabric, yarn, thread, or other textile goods.",Multilimb Coordination,1,0
14124,Textile Bleaching and Dyeing Machine Operators and Tenders,"Observe display screens, control panels, equipment, and cloth entering or exiting processes to determine if equipment is operating correctly.",Near Vision,3,0
14124,Textile Bleaching and Dyeing Machine Operators and Tenders,"Observe display screens, control panels, equipment, and cloth entering or exiting processes to determine if equipment is operating correctly.",Selective Attention,3,0
14124,Textile Bleaching and Dyeing Machine Operators and Tenders,"Observe display screens, control panels, equipment, and cloth entering or exiting processes to determine if equipment is operating correctly.",Flexibility of Closure,1,0
14122,Textile Bleaching and Dyeing Machine Operators and Tenders,Notify supervisors or mechanics of equipment malfunctions.,Oral Expression,3,0
14122,Textile Bleaching and Dyeing Machine Operators and Tenders,Notify supervisors or mechanics of equipment malfunctions.,Problem Sensitivity,1,0
14122,Textile Bleaching and Dyeing Machine Operators and Tenders,Notify supervisors or mechanics of equipment malfunctions.,Speech Clarity,1,0
14126,Textile Bleaching and Dyeing Machine Operators and Tenders,Monitor factors such as temperatures and dye flow rates to ensure that they are within specified ranges.,Selective Attention,3,0
14126,Textile Bleaching and Dyeing Machine Operators and Tenders,Monitor factors such as temperatures and dye flow rates to ensure that they are within specified ranges.,Near Vision,2,0
14126,Textile Bleaching and Dyeing Machine Operators and Tenders,Monitor factors such as temperatures and dye flow rates to ensure that they are within specified ranges.,Number Facility,1,0
14121,Textile Bleaching and Dyeing Machine Operators and Tenders,"Add dyes, water, detergents, or chemicals to tanks to dilute or strengthen solutions, according to established formulas and solution test results.",Number Facility,2,0
14121,Textile Bleaching and Dyeing Machine Operators and Tenders,"Add dyes, water, detergents, or chemicals to tanks to dilute or strengthen solutions, according to established formulas and solution test results.",Near Vision,2,0
14121,Textile Bleaching and Dyeing Machine Operators and Tenders,"Add dyes, water, detergents, or chemicals to tanks to dilute or strengthen solutions, according to established formulas and solution test results.",Manual Dexterity,1,0
14121,Textile Bleaching and Dyeing Machine Operators and Tenders,"Add dyes, water, detergents, or chemicals to tanks to dilute or strengthen solutions, according to established formulas and solution test results.",Visual Color Discrimination,1,0
14128,Textile Bleaching and Dyeing Machine Operators and Tenders,Examine and feel products to identify defects and variations from coloring and other processing standards.,Near Vision,3,0
14128,Textile Bleaching and Dyeing Machine Operators and Tenders,Examine and feel products to identify defects and variations from coloring and other processing standards.,Visual Color Discrimination,2,0
14128,Textile Bleaching and Dyeing Machine Operators and Tenders,Examine and feel products to identify defects and variations from coloring and other processing standards.,Finger Dexterity,1,0
14128,Textile Bleaching and Dyeing Machine Operators and Tenders,Examine and feel products to identify defects and variations from coloring and other processing standards.,Selective Attention,1,0
14123,Textile Bleaching and Dyeing Machine Operators and Tenders,"Adjust equipment controls to maintain specified heat, tension, and speed.",Control Precision,3,0
14123,Textile Bleaching and Dyeing Machine Operators and Tenders,"Adjust equipment controls to maintain specified heat, tension, and speed.",Finger Dexterity,2,0
14123,Textile Bleaching and Dyeing Machine Operators and Tenders,"Adjust equipment controls to maintain specified heat, tension, and speed.",Near Vision,1,0
14138,Textile Bleaching and Dyeing Machine Operators and Tenders,Soak specified textile products for designated times.,Information Ordering,2,0
14138,Textile Bleaching and Dyeing Machine Operators and Tenders,Soak specified textile products for designated times.,Near Vision,1,0
14138,Textile Bleaching and Dyeing Machine Operators and Tenders,Soak specified textile products for designated times.,Selective Attention,1,0
14134,Textile Bleaching and Dyeing Machine Operators and Tenders,Inspect machinery to determine necessary adjustments and repairs.,Near Vision,2,0
14134,Textile Bleaching and Dyeing Machine Operators and Tenders,Inspect machinery to determine necessary adjustments and repairs.,Problem Sensitivity,2,0
14134,Textile Bleaching and Dyeing Machine Operators and Tenders,Inspect machinery to determine necessary adjustments and repairs.,Deductive Reasoning,2,0
14133,Textile Bleaching and Dyeing Machine Operators and Tenders,"Confer with coworkers to get information about order details, processing plans, or problems that occur.",Oral Comprehension,3,0
14133,Textile Bleaching and Dyeing Machine Operators and Tenders,"Confer with coworkers to get information about order details, processing plans, or problems that occur.",Oral Expression,2,0
14133,Textile Bleaching and Dyeing Machine Operators and Tenders,"Confer with coworkers to get information about order details, processing plans, or problems that occur.",Speech Recognition,1,0
14136,Textile Bleaching and Dyeing Machine Operators and Tenders,"Sew ends of cloth together, by hand or using machines, to form endless lengths of cloth to facilitate processing.",Finger Dexterity,3,0
14136,Textile Bleaching and Dyeing Machine Operators and Tenders,"Sew ends of cloth together, by hand or using machines, to form endless lengths of cloth to facilitate processing.",Manual Dexterity,2,0
14136,Textile Bleaching and Dyeing Machine Operators and Tenders,"Sew ends of cloth together, by hand or using machines, to form endless lengths of cloth to facilitate processing.",Near Vision,2,0
14136,Textile Bleaching and Dyeing Machine Operators and Tenders,"Sew ends of cloth together, by hand or using machines, to form endless lengths of cloth to facilitate processing.",Control Precision,1,0
14142,Textile Bleaching and Dyeing Machine Operators and Tenders,Ravel seams that connect cloth ends when processing is completed.,Finger Dexterity,3,0
14142,Textile Bleaching and Dyeing Machine Operators and Tenders,Ravel seams that connect cloth ends when processing is completed.,Manual Dexterity,2,0
14142,Textile Bleaching and Dyeing Machine Operators and Tenders,Ravel seams that connect cloth ends when processing is completed.,Near Vision,1,0
14131,Textile Bleaching and Dyeing Machine Operators and Tenders,Remove dyed articles from tanks and machines for drying and further processing.,Static Strength,2,0
14131,Textile Bleaching and Dyeing Machine Operators and Tenders,Remove dyed articles from tanks and machines for drying and further processing.,Manual Dexterity,2,0
14131,Textile Bleaching and Dyeing Machine Operators and Tenders,Remove dyed articles from tanks and machines for drying and further processing.,Near Vision,1,0
14131,Textile Bleaching and Dyeing Machine Operators and Tenders,Remove dyed articles from tanks and machines for drying and further processing.,Trunk Strength,1,0
14132,Textile Bleaching and Dyeing Machine Operators and Tenders,"Study guides, charts, and specification sheets, and confer with supervisors to determine machine setup requirements.",Written Comprehension,3,0
14132,Textile Bleaching and Dyeing Machine Operators and Tenders,"Study guides, charts, and specification sheets, and confer with supervisors to determine machine setup requirements.",Oral Comprehension,2,0
14132,Textile Bleaching and Dyeing Machine Operators and Tenders,"Study guides, charts, and specification sheets, and confer with supervisors to determine machine setup requirements.",Information Ordering,2,0
14125,Textile Bleaching and Dyeing Machine Operators and Tenders,"Prepare dyeing machines for production runs, and conduct test runs of machines to ensure their proper operation.",Control Precision,2,0
14125,Textile Bleaching and Dyeing Machine Operators and Tenders,"Prepare dyeing machines for production runs, and conduct test runs of machines to ensure their proper operation.",Near Vision,2,0
14125,Textile Bleaching and Dyeing Machine Operators and Tenders,"Prepare dyeing machines for production runs, and conduct test runs of machines to ensure their proper operation.",Selective Attention,2,0
14137,Textile Bleaching and Dyeing Machine Operators and Tenders,Key in processing instructions to program electronic equipment.,Finger Dexterity,2,0
14137,Textile Bleaching and Dyeing Machine Operators and Tenders,Key in processing instructions to program electronic equipment.,Near Vision,2,0
14137,Textile Bleaching and Dyeing Machine Operators and Tenders,Key in processing instructions to program electronic equipment.,Information Ordering,2,0
14130,Textile Bleaching and Dyeing Machine Operators and Tenders,Test solutions used to process textile goods to detect variations from standards.,Near Vision,2,0
14130,Textile Bleaching and Dyeing Machine Operators and Tenders,Test solutions used to process textile goods to detect variations from standards.,Visual Color Discrimination,2,0
14130,Textile Bleaching and Dyeing Machine Operators and Tenders,Test solutions used to process textile goods to detect variations from standards.,Number Facility,1,0
14129,Textile Bleaching and Dyeing Machine Operators and Tenders,"Record production information such as fabric yardage processed, temperature readings, fabric tensions, and machine speeds.",Number Facility,2,0
14129,Textile Bleaching and Dyeing Machine Operators and Tenders,"Record production information such as fabric yardage processed, temperature readings, fabric tensions, and machine speeds.",Near Vision,2,0
14129,Textile Bleaching and Dyeing Machine Operators and Tenders,"Record production information such as fabric yardage processed, temperature readings, fabric tensions, and machine speeds.",Written Expression,1,0
14139,Textile Bleaching and Dyeing Machine Operators and Tenders,Thread ends of cloth or twine through specified sections of equipment prior to processing.,Finger Dexterity,3,0
14139,Textile Bleaching and Dyeing Machine Operators and Tenders,Thread ends of cloth or twine through specified sections of equipment prior to processing.,Manual Dexterity,2,0
14139,Textile Bleaching and Dyeing Machine Operators and Tenders,Thread ends of cloth or twine through specified sections of equipment prior to processing.,Near Vision,2,0
14139,Textile Bleaching and Dyeing Machine Operators and Tenders,Thread ends of cloth or twine through specified sections of equipment prior to processing.,Arm-Hand Steadiness,1,0
14140,Textile Bleaching and Dyeing Machine Operators and Tenders,"Mount rolls of cloth on machines, using hoists, or place textile goods in machines or pieces of equipment.",Static Strength,3,0
14140,Textile Bleaching and Dyeing Machine Operators and Tenders,"Mount rolls of cloth on machines, using hoists, or place textile goods in machines or pieces of equipment.",Manual Dexterity,2,0
14140,Textile Bleaching and Dyeing Machine Operators and Tenders,"Mount rolls of cloth on machines, using hoists, or place textile goods in machines or pieces of equipment.",Near Vision,1,0
14140,Textile Bleaching and Dyeing Machine Operators and Tenders,"Mount rolls of cloth on machines, using hoists, or place textile goods in machines or pieces of equipment.",Multilimb Coordination,1,0
14143,Textile Bleaching and Dyeing Machine Operators and Tenders,"Install, level, and align components such as gears, chains, dies, cutters, and needles.",Finger Dexterity,3,0
14143,Textile Bleaching and Dyeing Machine Operators and Tenders,"Install, level, and align components such as gears, chains, dies, cutters, and needles.",Manual Dexterity,2,0
14143,Textile Bleaching and Dyeing Machine Operators and Tenders,"Install, level, and align components such as gears, chains, dies, cutters, and needles.",Near Vision,2,0
14143,Textile Bleaching and Dyeing Machine Operators and Tenders,"Install, level, and align components such as gears, chains, dies, cutters, and needles.",Control Precision,2,0
14141,Textile Bleaching and Dyeing Machine Operators and Tenders,"Perform machine maintenance, such as cleaning and oiling equipment, and repair or replace worn or defective parts.",Manual Dexterity,3,0
14141,Textile Bleaching and Dyeing Machine Operators and Tenders,"Perform machine maintenance, such as cleaning and oiling equipment, and repair or replace worn or defective parts.",Finger Dexterity,2,0
14141,Textile Bleaching and Dyeing Machine Operators and Tenders,"Perform machine maintenance, such as cleaning and oiling equipment, and repair or replace worn or defective parts.",Near Vision,1,0
14141,Textile Bleaching and Dyeing Machine Operators and Tenders,"Perform machine maintenance, such as cleaning and oiling equipment, and repair or replace worn or defective parts.",Static Strength,1,0
21156,"Textile Cutting Machine Setters, Operators, and Tenders",Inspect products to ensure that the quality standards and specifications are met.,Near Vision,3,0
21156,"Textile Cutting Machine Setters, Operators, and Tenders",Inspect products to ensure that the quality standards and specifications are met.,Selective Attention,2,0
21156,"Textile Cutting Machine Setters, Operators, and Tenders",Inspect products to ensure that the quality standards and specifications are met.,Flexibility of Closure,1,0
14145,"Textile Cutting Machine Setters, Operators, and Tenders","Place patterns on top of layers of fabric and cut fabric following patterns, using electric or manual knives, cutters, or computer numerically controlled cutting devices.",Visualization,2,0
14145,"Textile Cutting Machine Setters, Operators, and Tenders","Place patterns on top of layers of fabric and cut fabric following patterns, using electric or manual knives, cutters, or computer numerically controlled cutting devices.",Near Vision,3,0
14145,"Textile Cutting Machine Setters, Operators, and Tenders","Place patterns on top of layers of fabric and cut fabric following patterns, using electric or manual knives, cutters, or computer numerically controlled cutting devices.",Manual Dexterity,2,0
14145,"Textile Cutting Machine Setters, Operators, and Tenders","Place patterns on top of layers of fabric and cut fabric following patterns, using electric or manual knives, cutters, or computer numerically controlled cutting devices.",Finger Dexterity,2,0
14145,"Textile Cutting Machine Setters, Operators, and Tenders","Place patterns on top of layers of fabric and cut fabric following patterns, using electric or manual knives, cutters, or computer numerically controlled cutting devices.",Control Precision,2,0
14153,"Textile Cutting Machine Setters, Operators, and Tenders","Start machines, monitor operations, and make adjustments as needed.",Selective Attention,2,0
14153,"Textile Cutting Machine Setters, Operators, and Tenders","Start machines, monitor operations, and make adjustments as needed.",Near Vision,2,0
14153,"Textile Cutting Machine Setters, Operators, and Tenders","Start machines, monitor operations, and make adjustments as needed.",Control Precision,2,0
14150,"Textile Cutting Machine Setters, Operators, and Tenders","Adjust machine controls, such as heating mechanisms, tensions, or speeds, to produce specified products.",Control Precision,3,0
14150,"Textile Cutting Machine Setters, Operators, and Tenders","Adjust machine controls, such as heating mechanisms, tensions, or speeds, to produce specified products.",Finger Dexterity,2,0
14150,"Textile Cutting Machine Setters, Operators, and Tenders","Adjust machine controls, such as heating mechanisms, tensions, or speeds, to produce specified products.",Near Vision,1,0
14155,"Textile Cutting Machine Setters, Operators, and Tenders",Record information about work completed and machine settings.,Near Vision,1,0
14155,"Textile Cutting Machine Setters, Operators, and Tenders",Record information about work completed and machine settings.,Written Expression,1,0
14155,"Textile Cutting Machine Setters, Operators, and Tenders",Record information about work completed and machine settings.,Number Facility,1,0
14146,"Textile Cutting Machine Setters, Operators, and Tenders",Notify supervisors of mechanical malfunctions.,Oral Expression,3,0
14146,"Textile Cutting Machine Setters, Operators, and Tenders",Notify supervisors of mechanical malfunctions.,Problem Sensitivity,1,0
14146,"Textile Cutting Machine Setters, Operators, and Tenders",Notify supervisors of mechanical malfunctions.,Speech Clarity,1,0
14149,"Textile Cutting Machine Setters, Operators, and Tenders",Inspect machinery to determine whether repairs are needed.,Near Vision,2,0
14149,"Textile Cutting Machine Setters, Operators, and Tenders",Inspect machinery to determine whether repairs are needed.,Problem Sensitivity,2,0
14149,"Textile Cutting Machine Setters, Operators, and Tenders",Inspect machinery to determine whether repairs are needed.,Deductive Reasoning,2,0
14152,"Textile Cutting Machine Setters, Operators, and Tenders","Confer with coworkers to obtain information about orders, processes, or problems.",Oral Comprehension,3,0
14152,"Textile Cutting Machine Setters, Operators, and Tenders","Confer with coworkers to obtain information about orders, processes, or problems.",Oral Expression,2,0
14152,"Textile Cutting Machine Setters, Operators, and Tenders","Confer with coworkers to obtain information about orders, processes, or problems.",Speech Recognition,1,0
14147,"Textile Cutting Machine Setters, Operators, and Tenders","Repair or replace worn or defective parts or components, using hand tools.",Manual Dexterity,3,0
14147,"Textile Cutting Machine Setters, Operators, and Tenders","Repair or replace worn or defective parts or components, using hand tools.",Finger Dexterity,2,0
14147,"Textile Cutting Machine Setters, Operators, and Tenders","Repair or replace worn or defective parts or components, using hand tools.",Static Strength,1,0
14147,"Textile Cutting Machine Setters, Operators, and Tenders","Repair or replace worn or defective parts or components, using hand tools.",Near Vision,1,0
14154,"Textile Cutting Machine Setters, Operators, and Tenders","Clean, oil, and lubricate machines, using air hoses, cleaning solutions, rags, oilcans, and grease guns.",Manual Dexterity,2,0
14154,"Textile Cutting Machine Setters, Operators, and Tenders","Clean, oil, and lubricate machines, using air hoses, cleaning solutions, rags, oilcans, and grease guns.",Finger Dexterity,2,0
14154,"Textile Cutting Machine Setters, Operators, and Tenders","Clean, oil, and lubricate machines, using air hoses, cleaning solutions, rags, oilcans, and grease guns.",Near Vision,1,0
14162,"Textile Cutting Machine Setters, Operators, and Tenders","Thread yarn, thread, or fabric through guides, needles, and rollers of machines.",Finger Dexterity,3,0
14162,"Textile Cutting Machine Setters, Operators, and Tenders","Thread yarn, thread, or fabric through guides, needles, and rollers of machines.",Manual Dexterity,2,0
14162,"Textile Cutting Machine Setters, Operators, and Tenders","Thread yarn, thread, or fabric through guides, needles, and rollers of machines.",Near Vision,2,0
14162,"Textile Cutting Machine Setters, Operators, and Tenders","Thread yarn, thread, or fabric through guides, needles, and rollers of machines.",Arm-Hand Steadiness,1,0
14156,"Textile Cutting Machine Setters, Operators, and Tenders","Operate machines to cut multiple layers of fabric into parts for articles such as canvas goods, house furnishings, garments, hats, or stuffed toys.",Control Precision,3,0
14156,"Textile Cutting Machine Setters, Operators, and Tenders","Operate machines to cut multiple layers of fabric into parts for articles such as canvas goods, house furnishings, garments, hats, or stuffed toys.",Manual Dexterity,2,0
14156,"Textile Cutting Machine Setters, Operators, and Tenders","Operate machines to cut multiple layers of fabric into parts for articles such as canvas goods, house furnishings, garments, hats, or stuffed toys.",Near Vision,2,0
14156,"Textile Cutting Machine Setters, Operators, and Tenders","Operate machines to cut multiple layers of fabric into parts for articles such as canvas goods, house furnishings, garments, hats, or stuffed toys.",Multilimb Coordination,1,0
14148,"Textile Cutting Machine Setters, Operators, and Tenders",Adjust cutting techniques to types of fabrics and styles of garments.,Deductive Reasoning,2,0
14148,"Textile Cutting Machine Setters, Operators, and Tenders",Adjust cutting techniques to types of fabrics and styles of garments.,Control Precision,2,0
14148,"Textile Cutting Machine Setters, Operators, and Tenders",Adjust cutting techniques to types of fabrics and styles of garments.,Near Vision,1,0
14161,"Textile Cutting Machine Setters, Operators, and Tenders",Program electronic equipment.,Information Ordering,2,0
14161,"Textile Cutting Machine Setters, Operators, and Tenders",Program electronic equipment.,Finger Dexterity,1,0
14161,"Textile Cutting Machine Setters, Operators, and Tenders",Program electronic equipment.,Near Vision,1,0
14157,"Textile Cutting Machine Setters, Operators, and Tenders","Study guides, samples, charts, and specification sheets or confer with supervisors or engineering staff to determine set-up requirements.",Written Comprehension,3,0
14157,"Textile Cutting Machine Setters, Operators, and Tenders","Study guides, samples, charts, and specification sheets or confer with supervisors or engineering staff to determine set-up requirements.",Oral Comprehension,2,0
14157,"Textile Cutting Machine Setters, Operators, and Tenders","Study guides, samples, charts, and specification sheets or confer with supervisors or engineering staff to determine set-up requirements.",Information Ordering,2,0
14159,"Textile Cutting Machine Setters, Operators, and Tenders",Stop machines when specified amounts of product have been produced.,Near Vision,2,0
14159,"Textile Cutting Machine Setters, Operators, and Tenders",Stop machines when specified amounts of product have been produced.,Selective Attention,2,0
14159,"Textile Cutting Machine Setters, Operators, and Tenders",Stop machines when specified amounts of product have been produced.,Reaction Time,1,0
14158,"Textile Cutting Machine Setters, Operators, and Tenders",Operate machines for test runs to verify adjustments and to obtain product samples.,Control Precision,2,0
14158,"Textile Cutting Machine Setters, Operators, and Tenders",Operate machines for test runs to verify adjustments and to obtain product samples.,Near Vision,2,0
14158,"Textile Cutting Machine Setters, Operators, and Tenders",Operate machines for test runs to verify adjustments and to obtain product samples.,Selective Attention,2,0
14160,"Textile Cutting Machine Setters, Operators, and Tenders","Install, level, and align components, such as gears, chains, guides, dies, cutters, or needles, to set up machinery for operation.",Finger Dexterity,3,0
14160,"Textile Cutting Machine Setters, Operators, and Tenders","Install, level, and align components, such as gears, chains, guides, dies, cutters, or needles, to set up machinery for operation.",Manual Dexterity,2,0
14160,"Textile Cutting Machine Setters, Operators, and Tenders","Install, level, and align components, such as gears, chains, guides, dies, cutters, or needles, to set up machinery for operation.",Near Vision,2,0
14160,"Textile Cutting Machine Setters, Operators, and Tenders","Install, level, and align components, such as gears, chains, guides, dies, cutters, or needles, to set up machinery for operation.",Control Precision,2,0
14165,"Textile Knitting and Weaving Machine Setters, Operators, and Tenders",Observe woven cloth to detect weaving defects.,Near Vision,3,0
14165,"Textile Knitting and Weaving Machine Setters, Operators, and Tenders",Observe woven cloth to detect weaving defects.,Selective Attention,3,0
14165,"Textile Knitting and Weaving Machine Setters, Operators, and Tenders",Observe woven cloth to detect weaving defects.,Flexibility of Closure,2,0
14166,"Textile Knitting and Weaving Machine Setters, Operators, and Tenders","Thread yarn, thread, and fabric through guides, needles, and rollers of machines for weaving, knitting, or other processing.",Finger Dexterity,3,0
14166,"Textile Knitting and Weaving Machine Setters, Operators, and Tenders","Thread yarn, thread, and fabric through guides, needles, and rollers of machines for weaving, knitting, or other processing.",Manual Dexterity,2,0
14166,"Textile Knitting and Weaving Machine Setters, Operators, and Tenders","Thread yarn, thread, and fabric through guides, needles, and rollers of machines for weaving, knitting, or other processing.",Near Vision,2,0
14166,"Textile Knitting and Weaving Machine Setters, Operators, and Tenders","Thread yarn, thread, and fabric through guides, needles, and rollers of machines for weaving, knitting, or other processing.",Arm-Hand Steadiness,1,0
14163,"Textile Knitting and Weaving Machine Setters, Operators, and Tenders",Remove defects in cloth by cutting and pulling out filling.,Finger Dexterity,3,0
14163,"Textile Knitting and Weaving Machine Setters, Operators, and Tenders",Remove defects in cloth by cutting and pulling out filling.,Manual Dexterity,2,0
14163,"Textile Knitting and Weaving Machine Setters, Operators, and Tenders",Remove defects in cloth by cutting and pulling out filling.,Near Vision,2,0
14163,"Textile Knitting and Weaving Machine Setters, Operators, and Tenders",Remove defects in cloth by cutting and pulling out filling.,Control Precision,1,0
14167,"Textile Knitting and Weaving Machine Setters, Operators, and Tenders","Examine looms to determine causes of loom stoppage, such as warp filling, harness breaks, or mechanical defects.",Near Vision,2,0
14167,"Textile Knitting and Weaving Machine Setters, Operators, and Tenders","Examine looms to determine causes of loom stoppage, such as warp filling, harness breaks, or mechanical defects.",Problem Sensitivity,3,0
14167,"Textile Knitting and Weaving Machine Setters, Operators, and Tenders","Examine looms to determine causes of loom stoppage, such as warp filling, harness breaks, or mechanical defects.",Deductive Reasoning,2,0
14164,"Textile Knitting and Weaving Machine Setters, Operators, and Tenders",Inspect products to ensure that specifications are met and to determine if machines need adjustment.,Near Vision,3,0
14164,"Textile Knitting and Weaving Machine Setters, Operators, and Tenders",Inspect products to ensure that specifications are met and to determine if machines need adjustment.,Selective Attention,2,0
14164,"Textile Knitting and Weaving Machine Setters, Operators, and Tenders",Inspect products to ensure that specifications are met and to determine if machines need adjustment.,Problem Sensitivity,1,0
14168,"Textile Knitting and Weaving Machine Setters, Operators, and Tenders",Notify supervisors or repair staff of mechanical malfunctions.,Oral Expression,3,0
14168,"Textile Knitting and Weaving Machine Setters, Operators, and Tenders",Notify supervisors or repair staff of mechanical malfunctions.,Problem Sensitivity,1,0
14168,"Textile Knitting and Weaving Machine Setters, Operators, and Tenders",Notify supervisors or repair staff of mechanical malfunctions.,Speech Clarity,1,0
14170,"Textile Knitting and Weaving Machine Setters, Operators, and Tenders","Start machines, monitor operations, and make adjustments as needed.",Selective Attention,2,0
14170,"Textile Knitting and Weaving Machine Setters, Operators, and Tenders","Start machines, monitor operations, and make adjustments as needed.",Near Vision,2,0
14170,"Textile Knitting and Weaving Machine Setters, Operators, and Tenders","Start machines, monitor operations, and make adjustments as needed.",Control Precision,2,0
14174,"Textile Knitting and Weaving Machine Setters, Operators, and Tenders",Stop machines when specified amounts of product have been produced.,Near Vision,2,0
14174,"Textile Knitting and Weaving Machine Setters, Operators, and Tenders",Stop machines when specified amounts of product have been produced.,Selective Attention,2,0
14174,"Textile Knitting and Weaving Machine Setters, Operators, and Tenders",Stop machines when specified amounts of product have been produced.,Reaction Time,1,0
14171,"Textile Knitting and Weaving Machine Setters, Operators, and Tenders",Inspect machinery to determine whether repairs are needed.,Near Vision,2,0
14171,"Textile Knitting and Weaving Machine Setters, Operators, and Tenders",Inspect machinery to determine whether repairs are needed.,Problem Sensitivity,2,0
14171,"Textile Knitting and Weaving Machine Setters, Operators, and Tenders",Inspect machinery to determine whether repairs are needed.,Deductive Reasoning,2,0
14173,"Textile Knitting and Weaving Machine Setters, Operators, and Tenders","Confer with co-workers to obtain information about orders, processes, or problems.",Oral Comprehension,3,0
14173,"Textile Knitting and Weaving Machine Setters, Operators, and Tenders","Confer with co-workers to obtain information about orders, processes, or problems.",Oral Expression,2,0
14173,"Textile Knitting and Weaving Machine Setters, Operators, and Tenders","Confer with co-workers to obtain information about orders, processes, or problems.",Speech Recognition,1,0
14176,"Textile Knitting and Weaving Machine Setters, Operators, and Tenders",Operate machines for test runs to verify adjustments and to obtain product samples.,Control Precision,2,0
14176,"Textile Knitting and Weaving Machine Setters, Operators, and Tenders",Operate machines for test runs to verify adjustments and to obtain product samples.,Near Vision,2,0
14176,"Textile Knitting and Weaving Machine Setters, Operators, and Tenders",Operate machines for test runs to verify adjustments and to obtain product samples.,Selective Attention,2,0
14178,"Textile Knitting and Weaving Machine Setters, Operators, and Tenders",Program electronic equipment.,Information Ordering,2,0
14178,"Textile Knitting and Weaving Machine Setters, Operators, and Tenders",Program electronic equipment.,Finger Dexterity,1,0
14178,"Textile Knitting and Weaving Machine Setters, Operators, and Tenders",Program electronic equipment.,Near Vision,1,0
14169,"Textile Knitting and Weaving Machine Setters, Operators, and Tenders","Set up, or set up and operate textile machines that perform textile processing and manufacturing operations such as winding, twisting, knitting, weaving, bonding, or stretching.",Control Precision,3,0
14169,"Textile Knitting and Weaving Machine Setters, Operators, and Tenders","Set up, or set up and operate textile machines that perform textile processing and manufacturing operations such as winding, twisting, knitting, weaving, bonding, or stretching.",Manual Dexterity,2,0
14169,"Textile Knitting and Weaving Machine Setters, Operators, and Tenders","Set up, or set up and operate textile machines that perform textile processing and manufacturing operations such as winding, twisting, knitting, weaving, bonding, or stretching.",Finger Dexterity,2,0
14169,"Textile Knitting and Weaving Machine Setters, Operators, and Tenders","Set up, or set up and operate textile machines that perform textile processing and manufacturing operations such as winding, twisting, knitting, weaving, bonding, or stretching.",Near Vision,2,0
14169,"Textile Knitting and Weaving Machine Setters, Operators, and Tenders","Set up, or set up and operate textile machines that perform textile processing and manufacturing operations such as winding, twisting, knitting, weaving, bonding, or stretching.",Multilimb Coordination,1,0
14181,"Textile Knitting and Weaving Machine Setters, Operators, and Tenders","Install, level, and align machine components such as gears, chains, guides, dies, cutters, or needles to set up machinery for operation.",Finger Dexterity,3,0
14181,"Textile Knitting and Weaving Machine Setters, Operators, and Tenders","Install, level, and align machine components such as gears, chains, guides, dies, cutters, or needles to set up machinery for operation.",Manual Dexterity,2,0
14181,"Textile Knitting and Weaving Machine Setters, Operators, and Tenders","Install, level, and align machine components such as gears, chains, guides, dies, cutters, or needles to set up machinery for operation.",Near Vision,2,0
14181,"Textile Knitting and Weaving Machine Setters, Operators, and Tenders","Install, level, and align machine components such as gears, chains, guides, dies, cutters, or needles to set up machinery for operation.",Control Precision,2,0
14172,"Textile Knitting and Weaving Machine Setters, Operators, and Tenders",Record information about work completed and machine settings.,Near Vision,1,0
14172,"Textile Knitting and Weaving Machine Setters, Operators, and Tenders",Record information about work completed and machine settings.,Written Expression,1,0
14172,"Textile Knitting and Weaving Machine Setters, Operators, and Tenders",Record information about work completed and machine settings.,Number Facility,1,0
14179,"Textile Knitting and Weaving Machine Setters, Operators, and Tenders","Study guides, loom patterns, samples, charts, or specification sheets, or confer with supervisors or engineering staff to determine setup requirements.",Written Comprehension,3,0
14179,"Textile Knitting and Weaving Machine Setters, Operators, and Tenders","Study guides, loom patterns, samples, charts, or specification sheets, or confer with supervisors or engineering staff to determine setup requirements.",Oral Comprehension,2,0
14179,"Textile Knitting and Weaving Machine Setters, Operators, and Tenders","Study guides, loom patterns, samples, charts, or specification sheets, or confer with supervisors or engineering staff to determine setup requirements.",Information Ordering,2,0
14180,"Textile Knitting and Weaving Machine Setters, Operators, and Tenders","Repair or replace worn or defective needles and other components, using hand tools.",Manual Dexterity,3,0
14180,"Textile Knitting and Weaving Machine Setters, Operators, and Tenders","Repair or replace worn or defective needles and other components, using hand tools.",Finger Dexterity,2,0
14180,"Textile Knitting and Weaving Machine Setters, Operators, and Tenders","Repair or replace worn or defective needles and other components, using hand tools.",Near Vision,1,0
14180,"Textile Knitting and Weaving Machine Setters, Operators, and Tenders","Repair or replace worn or defective needles and other components, using hand tools.",Static Strength,1,0
14175,"Textile Knitting and Weaving Machine Setters, Operators, and Tenders","Clean, oil, and lubricate machines, using air hoses, cleaning solutions, rags, oil cans, or grease guns.",Manual Dexterity,2,0
14175,"Textile Knitting and Weaving Machine Setters, Operators, and Tenders","Clean, oil, and lubricate machines, using air hoses, cleaning solutions, rags, oil cans, or grease guns.",Finger Dexterity,2,0
14175,"Textile Knitting and Weaving Machine Setters, Operators, and Tenders","Clean, oil, and lubricate machines, using air hoses, cleaning solutions, rags, oil cans, or grease guns.",Near Vision,1,0
14182,"Textile Knitting and Weaving Machine Setters, Operators, and Tenders","Adjust machine heating mechanisms, tensions, and speeds to produce specified products.",Control Precision,3,0
14182,"Textile Knitting and Weaving Machine Setters, Operators, and Tenders","Adjust machine heating mechanisms, tensions, and speeds to produce specified products.",Finger Dexterity,2,0
14182,"Textile Knitting and Weaving Machine Setters, Operators, and Tenders","Adjust machine heating mechanisms, tensions, and speeds to produce specified products.",Near Vision,1,0
14183,"Textile Winding, Twisting, and Drawing Out Machine Setters, Operators, and Tenders",Notify supervisors or mechanics of equipment malfunctions.,Oral Expression,3,0
14183,"Textile Winding, Twisting, and Drawing Out Machine Setters, Operators, and Tenders",Notify supervisors or mechanics of equipment malfunctions.,Problem Sensitivity,1,0
14183,"Textile Winding, Twisting, and Drawing Out Machine Setters, Operators, and Tenders",Notify supervisors or mechanics of equipment malfunctions.,Speech Clarity,1,0
14190,"Textile Winding, Twisting, and Drawing Out Machine Setters, Operators, and Tenders","Thread yarn, thread, or fabric through guides, needles, and rollers of machines.",Finger Dexterity,3,0
14190,"Textile Winding, Twisting, and Drawing Out Machine Setters, Operators, and Tenders","Thread yarn, thread, or fabric through guides, needles, and rollers of machines.",Manual Dexterity,2,0
14190,"Textile Winding, Twisting, and Drawing Out Machine Setters, Operators, and Tenders","Thread yarn, thread, or fabric through guides, needles, and rollers of machines.",Near Vision,2,0
14190,"Textile Winding, Twisting, and Drawing Out Machine Setters, Operators, and Tenders","Thread yarn, thread, or fabric through guides, needles, and rollers of machines.",Arm-Hand Steadiness,1,0
14184,"Textile Winding, Twisting, and Drawing Out Machine Setters, Operators, and Tenders","Start machines, monitor operation, and make adjustments as needed.",Selective Attention,2,0
14184,"Textile Winding, Twisting, and Drawing Out Machine Setters, Operators, and Tenders","Start machines, monitor operation, and make adjustments as needed.",Near Vision,2,0
14184,"Textile Winding, Twisting, and Drawing Out Machine Setters, Operators, and Tenders","Start machines, monitor operation, and make adjustments as needed.",Control Precision,2,0
14192,"Textile Winding, Twisting, and Drawing Out Machine Setters, Operators, and Tenders",Inspect machinery to determine whether repairs are needed.,Near Vision,2,0
14192,"Textile Winding, Twisting, and Drawing Out Machine Setters, Operators, and Tenders",Inspect machinery to determine whether repairs are needed.,Problem Sensitivity,2,0
14192,"Textile Winding, Twisting, and Drawing Out Machine Setters, Operators, and Tenders",Inspect machinery to determine whether repairs are needed.,Deductive Reasoning,2,0
14195,"Textile Winding, Twisting, and Drawing Out Machine Setters, Operators, and Tenders",Record production data such as numbers and types of bobbins wound.,Number Facility,2,0
14195,"Textile Winding, Twisting, and Drawing Out Machine Setters, Operators, and Tenders",Record production data such as numbers and types of bobbins wound.,Near Vision,1,0
14195,"Textile Winding, Twisting, and Drawing Out Machine Setters, Operators, and Tenders",Record production data such as numbers and types of bobbins wound.,Written Expression,1,0
14188,"Textile Winding, Twisting, and Drawing Out Machine Setters, Operators, and Tenders",Replace depleted supply packages with full packages.,Manual Dexterity,2,0
14188,"Textile Winding, Twisting, and Drawing Out Machine Setters, Operators, and Tenders",Replace depleted supply packages with full packages.,Static Strength,1,0
14188,"Textile Winding, Twisting, and Drawing Out Machine Setters, Operators, and Tenders",Replace depleted supply packages with full packages.,Near Vision,1,0
14196,"Textile Winding, Twisting, and Drawing Out Machine Setters, Operators, and Tenders",Stop machines when specified amount of products has been produced.,Near Vision,2,0
14196,"Textile Winding, Twisting, and Drawing Out Machine Setters, Operators, and Tenders",Stop machines when specified amount of products has been produced.,Selective Attention,2,0
14196,"Textile Winding, Twisting, and Drawing Out Machine Setters, Operators, and Tenders",Stop machines when specified amount of products has been produced.,Reaction Time,1,0
14186,"Textile Winding, Twisting, and Drawing Out Machine Setters, Operators, and Tenders",Inspect products to verify that they meet specifications and to determine whether machine adjustment is needed.,Near Vision,3,0
14186,"Textile Winding, Twisting, and Drawing Out Machine Setters, Operators, and Tenders",Inspect products to verify that they meet specifications and to determine whether machine adjustment is needed.,Selective Attention,2,0
14186,"Textile Winding, Twisting, and Drawing Out Machine Setters, Operators, and Tenders",Inspect products to verify that they meet specifications and to determine whether machine adjustment is needed.,Problem Sensitivity,1,0
14187,"Textile Winding, Twisting, and Drawing Out Machine Setters, Operators, and Tenders","Tend machines that twist together two or more strands of yarn or insert additional twists into single strands of yarn to increase strength, smoothness, or uniformity of yarn.",Control Precision,2,0
14187,"Textile Winding, Twisting, and Drawing Out Machine Setters, Operators, and Tenders","Tend machines that twist together two or more strands of yarn or insert additional twists into single strands of yarn to increase strength, smoothness, or uniformity of yarn.",Near Vision,2,0
14187,"Textile Winding, Twisting, and Drawing Out Machine Setters, Operators, and Tenders","Tend machines that twist together two or more strands of yarn or insert additional twists into single strands of yarn to increase strength, smoothness, or uniformity of yarn.",Selective Attention,2,0
14187,"Textile Winding, Twisting, and Drawing Out Machine Setters, Operators, and Tenders","Tend machines that twist together two or more strands of yarn or insert additional twists into single strands of yarn to increase strength, smoothness, or uniformity of yarn.",Multilimb Coordination,1,0
14189,"Textile Winding, Twisting, and Drawing Out Machine Setters, Operators, and Tenders","Observe operations to detect defects, malfunctions, or supply shortages.",Near Vision,3,0
14189,"Textile Winding, Twisting, and Drawing Out Machine Setters, Operators, and Tenders","Observe operations to detect defects, malfunctions, or supply shortages.",Selective Attention,3,0
14189,"Textile Winding, Twisting, and Drawing Out Machine Setters, Operators, and Tenders","Observe operations to detect defects, malfunctions, or supply shortages.",Flexibility of Closure,1,0
14191,"Textile Winding, Twisting, and Drawing Out Machine Setters, Operators, and Tenders",Operate machines for test runs to verify adjustments and to obtain product samples.,Control Precision,2,0
14191,"Textile Winding, Twisting, and Drawing Out Machine Setters, Operators, and Tenders",Operate machines for test runs to verify adjustments and to obtain product samples.,Near Vision,2,0
14191,"Textile Winding, Twisting, and Drawing Out Machine Setters, Operators, and Tenders",Operate machines for test runs to verify adjustments and to obtain product samples.,Selective Attention,2,0
14202,"Textile Winding, Twisting, and Drawing Out Machine Setters, Operators, and Tenders","Observe bobbins as they are winding and cut threads to remove loaded bobbins, using knives.",Near Vision,3,0
14202,"Textile Winding, Twisting, and Drawing Out Machine Setters, Operators, and Tenders","Observe bobbins as they are winding and cut threads to remove loaded bobbins, using knives.",Finger Dexterity,2,0
14202,"Textile Winding, Twisting, and Drawing Out Machine Setters, Operators, and Tenders","Observe bobbins as they are winding and cut threads to remove loaded bobbins, using knives.",Manual Dexterity,2,0
14202,"Textile Winding, Twisting, and Drawing Out Machine Setters, Operators, and Tenders","Observe bobbins as they are winding and cut threads to remove loaded bobbins, using knives.",Reaction Time,2,0
14202,"Textile Winding, Twisting, and Drawing Out Machine Setters, Operators, and Tenders","Observe bobbins as they are winding and cut threads to remove loaded bobbins, using knives.",Rate Control,1,0
14201,"Textile Winding, Twisting, and Drawing Out Machine Setters, Operators, and Tenders","Unwind lengths of yarn, thread, or twine from spools and wind onto bobbins.",Finger Dexterity,2,0
14201,"Textile Winding, Twisting, and Drawing Out Machine Setters, Operators, and Tenders","Unwind lengths of yarn, thread, or twine from spools and wind onto bobbins.",Manual Dexterity,2,0
14201,"Textile Winding, Twisting, and Drawing Out Machine Setters, Operators, and Tenders","Unwind lengths of yarn, thread, or twine from spools and wind onto bobbins.",Near Vision,2,0
14201,"Textile Winding, Twisting, and Drawing Out Machine Setters, Operators, and Tenders","Unwind lengths of yarn, thread, or twine from spools and wind onto bobbins.",Rate Control,1,0
14203,"Textile Winding, Twisting, and Drawing Out Machine Setters, Operators, and Tenders",Adjust machine settings such as speed or tension to produce products that meet specifications.,Control Precision,3,0
14203,"Textile Winding, Twisting, and Drawing Out Machine Setters, Operators, and Tenders",Adjust machine settings such as speed or tension to produce products that meet specifications.,Finger Dexterity,2,0
14203,"Textile Winding, Twisting, and Drawing Out Machine Setters, Operators, and Tenders",Adjust machine settings such as speed or tension to produce products that meet specifications.,Near Vision,1,0
